protocol_name,url,program,primary_sp,sp_class,fossil_displacement,notes
ACR Destruction of Ozone Depleting Substances from International Sources,https://acrcarbon.org/wp-content/uploads/2023/09/ACR-ODS-International-v1.0-2021-04.pdf,ACR,CFC,long-lived,no,
CAR Article 5 Ozone Depleting Substances Protocol,https://climateactionreserve.org/wp-content/uploads/2024/06/Article_5_ODS_Project_Protocol_V2.0.pdf,CAR,CFC,long-lived,no,
ACR Destruction of Ozone Depleting Substances and High-GWP Foam,https://acrcarbon.org/wp-content/uploads/2023/03/ACR-ODS-v2.0-Destruction-of-ODS-High-GWP-Foam.pdf,ACR,"CFC, HCFC",mixed,no,
ARB Compliance Offset Protocol: Destruction of U.S. Ozone Depleting Substances Banks,https://ww2.arb.ca.gov/sites/default/files/barcu/regact/2014/capandtrade14/ctodsprotocol.pdf?_gl=1*fxn3ev*_ga*MTY4NTE0MjI4OS4xNzgyMjUwNDQz*_ga_7M1ZZPXDBL*czE3ODU3ODI4NDQkbzMkZzEkdDE3ODU3ODI5MjgkajUyJGwwJGgw,ARB,"CFC, HCFC",mixed,no,Two versions; no substantive difference on info captured
CAR U.S. Ozone Depleting Substances Protocol,https://climateactionreserve.org/wp-content/uploads/2024/06/U.S._ODS_Project_Protocol_V2.0.pdf,CAR,"CFC, HCFC",mixed,no,
ECY Compliance Offset Protocol: Ozone Depleting Substances Projects (ODS),https://apps.ecology.wa.gov/publications/documents/2514046.pdf,ECY,"CFC, HCFC",mixed,no,
ACR Advanced Refrigeration Systems,https://acrcarbon.org/wp-content/uploads/2021/08/ACR-ARS-Methodology-v3.0-2024-11.pdf,ACR,"CFC, HFC, HCFC ",mixed,no,
VM0016 Recovery and Destruction of Ozone-Depleting Substances (ODS) from Products,https://verra.org/methodologies/vm0016-destruction-of-ozone-depleting-substances-and-hydrofluorocarbons-v2-0/,VCS,"CFC, HFC, HCFC",mixed,no,
ACR Capturing and Destroying Methane from Coal and Trona Mines in North America,https://acrcarbon.org/wp-content/uploads/2025/03/ACR-MMC-v1.1.pdf,ACR,CH4,short-lived,no,
ACR Emission Reductions in Rice Management Systems,https://acrcarbon.org/wp-content/uploads/2023/03/rice-meth-acr-v1-0_july-2013_finalcp.pdf,ACR,CH4,short-lived,no,
ACR Landfill Gas Destruction and Beneficial Use Projects,https://acrcarbon.org/wp-content/uploads/2023/03/ACR-LFG-Methodology-v2.0.pdf,ACR,CH4,short-lived,no,
ACR Plugging of Orphaned Oil and Gas (OOG) Wells,https://acrcarbon.org/methodology/plugging-orphaned-oil-and-gas-wells-2/,ACR,CH4,short-lived,no,Previous version inactive: https://acrcarbon.org/methodology/plugging-orphaned-oil-and-gas-wells/
"Monitoring, Reporting and Verification Protocol for Landfill Gas Combustion",,ACR,CH4,short-lived,no,Methodology not available by name on ACR website; assuming no fossil displacement credited given pattern of other ACR protocols
Offset Project Methodology for Landfill Methane Collection and Combustion,,ACR,CH4,short-lived,no,Methodology not available by name on ACR website; assuming no fossil displacement credited given pattern of other ACR protocols
ARB Compliance Offset Protocol: Capturing and Destroying Methane from Manure Management Systems,https://ww2.arb.ca.gov/our-work/programs/compliance-offset-program/compliance-offset-protocols/livestock-projects,ARB,CH4,short-lived,no,Two versions; no substantive difference on info captured
ARB Compliance Offset Protocol: Mine Methane Capture Projects,https://ww2.arb.ca.gov/sites/default/files/barcu/regact/2013/capandtrade13/ctmmcprotocol.pdf?_gl=1*1vva42k*_ga*MTY4NTE0MjI4OS4xNzgyMjUwNDQz*_ga_7M1ZZPXDBL*czE3ODU3ODI4NDQkbzMkZzEkdDE3ODU3ODMzOTEkajM2JGwwJGgw,ARB,CH4,short-lived,no,
CAR Argentina Livestock Protocol,https://climateactionreserve.org/how/protocols/waste/argentina-livestock/,CAR,CH4,short-lived,no,
CAR Mexico Landfill Protocol,https://climateactionreserve.org/how/protocols/waste/mexico-landfill/,CAR,CH4,short-lived,no,
CAR Mexico Livestock Protocol,https://climateactionreserve.org/how/protocols/waste/mexico-livestock/,CAR,CH4,short-lived,no,
CAR U.S. Landfill Protocol,https://climateactionreserve.org/how/protocols/waste/us-landfill/,CAR,CH4,short-lived,no,
CAR U.S. Livestock Protocol,https://climateactionreserve.org/how/protocols/waste/us-livestock/,CAR,CH4,short-lived,no,
CAR U.S. Organic Waste Composting Protocol,https://climateactionreserve.org/how/protocols/waste/organic-waste-composting/,CAR,CH4,short-lived,no,
CAR U.S. Organic Waste Digestion Protocol,https://climateactionreserve.org/how/protocols/waste/organic-waste-digestion/,CAR,CH4,short-lived,no,
ACM0001 Flaring or use of landfill gas,https://cdm.unfccc.int/methodologies/DB/JPYB4DYQUXQPZLBDVPHA87479EMY9M,CDM,CH4,short-lived,yes,
ACM0008 Abatement of methane from coal mines,https://cdm.unfccc.int/methodologies/DB/YSD3FQ5WR3VPC9Q64CDTLXHLFVKKKU,CDM,CH4,short-lived,yes,
ACM0014 Treatment of wastewater,https://cdm.unfccc.int/methodologies/DB/PPKHX1MHNHF6DYVE6SFD2GBPFU92Y2,CDM,CH4,short-lived,yes,
ACM0022 Alternative waste treatment processes,https://cdm.unfccc.int/methodologies/DB/AUR5PLW743TS0OOCWRS55XXT86WV4J,CDM,CH4,short-lived,yes,
AM0009 Recovery and utilization of gas from oil fields that would otherwise be flared or vented,https://cdm.unfccc.int/methodologies/DB/ET4NXMVXFQ5C2EJ5L1OF8YZIEVLVDA,CDM,CH4,short-lived,yes,
AM0010 Landfill gas capture and electricity generation projects where landfill gas capture is not mandated by law,https://cdm.unfccc.int/methodologies/DB/Y8RY70J75E8D78IL19OV09ZDNNA712,CDM,CH4,short-lived,yes,What's the story of this getting withdrawn?
AM0011 Landfill gas recovery with electricity generation and no capture or destruction of methane in the baseline scenario,https://cdm.unfccc.int/methodologies/DB/FX0ME3E0UWV7JBAW8829TJ31FLYSTU,CDM,CH4,short-lived,yes,
"AM0023 Leak detection and repair in gas production, processing, transmission, storage and distribution systems and in refinery facilities",https://cdm.unfccc.int/methodologies/DB/PZN9ZCTGF3KHFH0W21NY0NYL6X5CIR,CDM,CH4,short-lived,no,
AM0025 Alternative waste treatment processes,https://cdm.unfccc.int/methodologies/DB/SU1HDJCPVB9QB8D54SGUARSQVLTJUG,CDM,CH4,short-lived,yes,
AM0064 Capture and utilisation or destruction of mine methane (excluding coal mines) or non mine methane,https://cdm.unfccc.int/methodologies/DB/QLL3A0UOVTRHNMH4WO7A2GCROW8CQ9,CDM,CH4,short-lived,yes,
AM0080 Mitigation of greenhouse gases emissions with treatment of wastewater in aerobic wastewater treatment plants,https://cdm.unfccc.int/methodologies/DB/6DITU9V0SFOR7EUYEBBVRHCAO2RD3Q,CDM,CH4,short-lived,yes,
AMS-III.AO. Methane recovery through controlled anaerobic digestion,https://cdm.unfccc.int/methodologies/DB/F5U41CTG7ENWK9RSSL5BV1LUPDG76W,CDM,CH4,short-lived,no,
AMS-III.AU. Methane emission reduction by adjusted water management practice in rice cultivation,https://cdm.unfccc.int/methodologies/DB/D14KAKRJEW4OTHEA4YJICOHM26M6BM,CDM,CH4,short-lived,no,
AMS-III.D. Methane recovery in animal manure management systems,https://cdm.unfccc.int/methodologies/DB/H9DVSB24O7GEZQYLYNWUX23YS6G4RC,CDM,CH4,short-lived,no,
"AMS-III.E. Avoidance of methane production from decay of biomass through controlled combustion, gasification or mechanical/ thermal treatment",https://cdm.unfccc.int/methodologies/DB/AZB89EQ3FIRUIN1Q80MS80RXCLA2TS,CDM,CH4,short-lived,no,Credit for fossil displacement could be given under a companion methodology. 
AMS-III.F. Avoidance of methane emissions through composting,https://cdm.unfccc.int/methodologies/DB/NZ83KB7YHBIA7HL2U1PCNAOCHPUQYX,CDM,CH4,short-lived,no,
AMS-III.G. Landfill methane recovery,https://cdm.unfccc.int/methodologies/DB/0KHNES8D09H134V3TZDQ47C3LQL3H2,CDM,CH4,short-lived,yes,
AMS-III.H. Methane recovery in wastewater treatment,https://cdm.unfccc.int/methodologies/DB/K7FDTJ4FL3432I1UKRNKLDCUFAMBX7,CDM,CH4,short-lived,no,
AMS-III.I. Avoidance of methane production in wastewater treatment through replacement of anaerobic systems by aerobic systems,https://cdm.unfccc.int/methodologies/DB/Z5A2LR9Q7XS906TDS4XDC8MKORZ63R,CDM,CH4,short-lived,no,
AMS-III.R. Methane recovery in agricultural activities at household/small farm level,https://cdm.unfccc.int/methodologies/DB/VYC0OHPKABZWTCYW6GJC82J8XYPE9H,CDM,CH4,short-lived,yes,
AMS-III.Y. Methane avoidance through separation of solids from wastewater or manure treatment systems,https://cdm.unfccc.int/methodologies/DB/IR1ULTHWQKPQO992O3UJTTLELME23L,CDM,CH4,short-lived,no,
VM0014 Interception and Destruction of Fugitive Methane from Coal Bed Methane (CBM) Seeps,https://verra.org/methodologies/vm0014-interception-and-destruction-of-fugitive-methane-from-coal-bed-methane-cbm-seeps-v1-0/,VCS,CH4,short-lived,yes,
VM0041 Methodology for the Reduction of Enteric Methane Emissions from Ruminants through the Use of Feed Ingredients,https://verra.org/methodologies/revision-to-vm0041-methodology-for-the-reduction-of-enteric-methane-emissions-from-ruminants-through-the-use-of-100-natural-feed-supplement-v1/,VCS,CH4,short-lived,no,
VM0051 Improved Management in Rice Production Systems,https://verra.org/methodologies/improved-management-in-rice-production-systems/,VCS,CH4,short-lived,no,
VMR0001 Revisions to ACM0008 to Include Pre-drainage of Methane from an Active Open Cast Mine as a Methane Emission Reduction Activity,https://verra.org/methodologies/vmr0001-revisions-to-acm0008-to-include-pre-drainage-of-methane-from-an-active-open-cast-mine-as-a-methane-emission-reduction-activity-v1-0/,VCS,CH4,short-lived,yes,
VMR0002 Revisions to ACM0008 to Include Methane Capture and Destruction from Abandoned Coal Mines,https://verra.org/methodologies/vmr0002-revisions-to-acm0008-to-include-methane-capture-and-destruction-from-abandoned-coal-mines-v1-0/,VCS,CH4,short-lived,yes,
VMR0016 Flaring or Use of Landfill Gas (ACM0001 Revision),https://verra.org/methodologies/vmr0016-flaring-or-use-of-landfill-gas-acm0001-revision-v1-0/,VCS,CH4,short-lived,yes,
AM0073 GHG emission reductions through multi-site manure collection and treatment in a central plant,https://cdm.unfccc.int/methodologies/DB/2N19WQ6DCXNYRNJVZQQOHG7TK0Q2D8,CDM,"CH4, N2O",mixed,yes,
GS Methodology For Animal Waste Managment And Biogas Application,https://globalgoals.goldstandard.org/standards/433_V1.0_Methodology-for-Animal-Manure-Management-and-Biogas-Use-for-Thermal-Energy-Generation.pdf,GS,"CH4, N2O",mixed,yes,
GS methodology for Manure Management Systems and Municipal Solid Waste,https://globalgoals.goldstandard.org/standards/PRE-GS4GG-Energy//ghg-ers-from-manure-management-systems-and-municipal-solid-waste-1.pdf,GS,"CH4, N2O",mixed,yes,
ACM0010 GHG emission reductions from manure management systems,https://cdm.unfccc.int/methodologies/DB/99QRTE6N5QJEBOV2XP374B25SSIXBB,CDM,"CH4, N2O",mixed,yes,
AM0016 Greenhouse gas mitigation from improved animal waste management systems in confined animal feeding operations,https://cdm.unfccc.int/methodologies/DB/ATTQFAYJG4GS1ZV3PN2PNWFMZJQ70X,CDM,"CH4, N2O",mixed,no,
AM0001 Decomposition of fluoroform (HFC-23) waste streams,https://cdm.unfccc.int/methodologies/DB/GAOZAY2DWIQHK71LJS027N6N4AV6SC,CDM,HFC,long-lived,no,HFC-23 focused
VM0001 Infrared Automatic Refrigerant Leak Detection Efficiency Project Methodology,https://verra.org/methodologies/vm0001-refrigerant-leak-detection-v1-2/,VCS,HFC,mixed,no,
"ACR Certified Reclaimed HFC Refrigerants, Propellants, and Fire Suppressants",https://acrcarbon.org/wp-content/uploads/2023/09/ACR-Certified-Reclaimed-HFC_V2.0-FINAL.pdf ,ACR,HFC,mixed,no,
ACR Transition to Advanced Formulation Blowing Agents in Foam Manufacturing and Use,https://acrcarbon.org/wp-content/uploads/2023/03/ACR-FBA-v3.0.pdf,ACR,HFC,short-lived,no,Names (but does not restrict eligiility) to short-lived blowing agents
ACR Methodology for Quantifying Nitrous Oxide (N2O) Emissions Reductions from Reduced Use of Nitrogen Fertilizer on Agricultural Crops,https://acrcarbon.org/wp-content/uploads/2023/03/METHOD1.pdf,ACR,N2O,long-lived,no,
Nitrous Oxide Abatement Protocol,,ACR,N2O,long-lived,no,Methodology not available by name on ACR website
CAR China Adipic Acid Production Protocol,https://climateactionreserve.org/how/protocols/industrial/china-adipic-acid/,CAR,N2O,long-lived,no,
CAR U.S. Adipic Acid Production Protocol,https://climateactionreserve.org/how/protocols/industrial/adipic-acid-production/,CAR,N2O,long-lived,no,
CAR U.S. Nitric Acid Production Protocol,https://climateactionreserve.org/how/protocols/industrial/nitric-acid-production/,CAR,N2O,long-lived,no,
CAR U.S. Nitrogen Management Protocol,https://climateactionreserve.org/how/protocols/ncs/nitrogen-management/,CAR,N2O,long-lived,no,
ACM0019 N2O abatement from nitric acid production,https://cdm.unfccc.int/methodologies/DB/HKCO7RKOQO748WNXJNDEW3BJT9XN8L,CDM,N2O,long-lived,no,
AM0028 N2O destruction in the tail gas of caprolactam production plants,https://cdm.unfccc.int/methodologies/DB/Y0S50SAZFK4FJOMZH2T7EN1I3HI8T0,CDM,N2O,long-lived,no,
AM0034 Catalytic reduction of N2O inside the ammonia burner of nitric acid plants,https://cdm.unfccc.int/methodologies/DB/993RRDBB2WJI9TAD2XCKPK5YATQXY6,CDM,N2O,long-lived,no,
VM0022 Quantifying N2O Emissions Reductions in Agricultural Crops through Nitrogen Fertilizer Rate Reduction,https://verra.org/methodologies/vm0022-quantifying-n2o-emissions-reductions-in-agricultural-crops-through-nitrogen-fertilizer-rate-reduction-v1-1/,VCS,N2O,long-lived,no,
AM0065 Replacement of SF6 with alternate cover gas in the magnesium industry,https://cdm.unfccc.int/methodologies/DB/GNX2U6RAUIP1UD1IP3CRDPVPPIGSS0,CDM,SF6,long-lived,no,